{"branches": 99.94234649754972, "coverage": 99.99374863251336}