{"branches": 99.94493392070484, "coverage": 99.99414930961854}