{"branches": 99.93966817496229, "coverage": 99.99340652095078}