{"branches": 99.97538764459759, "coverage": 99.95440036479708}