{"branches": 99.94416527079844, "coverage": 99.9940019193858}