{"branches": 99.97560380580629, "coverage": 99.9545798637396}