{"branches": 99.94217982075745, "coverage": 99.99372253609542}