{"branches": 99.94499449944995, "coverage": 99.99417487039086}