{"branches": 99.94313335228888, "coverage": 99.99385239602864}