{"branches": 99.94163991829589, "coverage": 99.99365381564334}