{"branches": 99.95120761161259, "coverage": 99.91348545474207}