{"branches": 99.97546012269939, "coverage": 99.95449719399363}