{"branches": 99.94416527079844, "coverage": 99.99402235638712}