{"branches": 99.97560380580629, "coverage": 99.95674272737104}